{
    "_id": {
        "$oid": "5e99cb577a781a4aac69da46"
    },
    "name": "milk",
    "category": "dairy",
    "stock": {"$numberInt":"10"},
    "description": "High Pasteurised 1.5lt",
    "price":"1,5"
}
{
    "_id": {
        "$oid": "5e99cb577a781a4aac69da4d"
    },
    "name": "sugar",
    "category": "sweetener",
    "stock": {"$numberInt":"5"},
    "description": "white regular",
    "price":"2,5"
}
{
    "_id": {
        "$oid": "5e99cb577a781a4aac69da47"
    },
    "name": "cheese",
    "category": "dairy",
    "stock": {"$numberInt":"8"},
    "description": "grated",
    "price":"1"
}
{
    "_id": {
        "$oid": "5e99cb577a781a4aac69da48"
    },
    "name": "corn flakes",
    "category": "cereal",
    "stock": {"$numberInt":"15"},
    "description": "200 gr",
    "price":"2,3"
}